"Operation Index","Operation Name","Latency","Priority"
0,"u3 (1EB97C)","00:00:00.0010000","46"
1,"u3 (114855C)","00:00:00.0010000","52"
2,"u3 (1B8B03D)","00:00:00.0010000","58"
3,"u3 (37E3228)","00:00:00.0010000","58"
4,"cx (36FC36F)","00:00:00.0020000","57"
5,"u3 (2EDDEE9)","00:00:00.0010000","55"
6,"u3 (25CD639)","00:00:00.0010000","55"
7,"cx (1438807)","00:00:00.0020000","54"
8,"u3 (35FC844)","00:00:00.0010000","38"
9,"u3 (25E0A69)","00:00:00.0010000","52"
10,"cx (14E5DB8)","00:00:00.0020000","51"
11,"u3 (3C14B78)","00:00:00.0010000","49"
12,"u3 (1CBA73B)","00:00:00.0010000","49"
13,"cx (28E11B)","00:00:00.0020000","48"
14,"u3 (16FE9F8)","00:00:00.0010000","46"
15,"u3 (EF39BB)","00:00:00.0010000","46"
16,"cx (690795)","00:00:00.0020000","45"
17,"u3 (3B1443F)","00:00:00.0010000","43"
18,"u3 (13B663A)","00:00:00.0010000","43"
19,"cx (3169810)","00:00:00.0020000","42"
20,"u3 (3CB5890)","00:00:00.0010000","40"
21,"u3 (2261D15)","00:00:00.0010000","40"
22,"cx (35705BE)","00:00:00.0020000","39"
23,"cx (20F33B6)","00:00:00.0020000","37"
24,"u3 (288D16D)","00:00:00.0010000","35"
25,"cx (2CF5CDD)","00:00:00.0020000","34"
26,"u3 (14A43C5)","00:00:00.0010000","18"
27,"u3 (39C61EF)","00:00:00.0010000","32"
28,"cx (7F716D)","00:00:00.0020000","45"
29,"u3 (7AFCD6)","00:00:00.0010000","43"
30,"u3 (52E38D)","00:00:00.0010000","43"
31,"cx (2E9FFFA)","00:00:00.0020000","42"
32,"u3 (239FFCE)","00:00:00.0010000","40"
33,"u3 (9FE42)","00:00:00.0010000","40"
34,"cx (59F057)","00:00:00.0020000","39"
35,"cx (3297317)","00:00:00.0020000","37"
36,"u3 (750BD1)","00:00:00.0010000","35"
37,"cx (1D6A60)","00:00:00.0020000","34"
38,"u3 (108BD64)","00:00:00.0010000","24"
39,"u3 (14EA886)","00:00:00.0010000","32"
40,"cx (3C3ECB7)","00:00:00.0020000","31"
41,"u3 (1E35270)","00:00:00.0010000","29"
42,"u3 (FDE5F2)","00:00:00.0010000","29"
43,"cx (ED1586)","00:00:00.0020000","28"
44,"u3 (55C1BE)","00:00:00.0010000","26"
45,"u3 (303CFB2)","00:00:00.0010000","26"
46,"cx (3224D42)","00:00:00.0020000","25"
47,"cx (34B759)","00:00:00.0020000","23"
48,"u3 (1DA7227)","00:00:00.0010000","21"
49,"cx (AE0365)","00:00:00.0020000","20"
50,"u3 (21E1E95)","00:00:00.0010000","18"
51,"u3 (30F133E)","00:00:00.0010000","18"
52,"cx (387AD33)","00:00:00.0020000","17"
53,"u3 (3C516CB)","00:00:00.0010000","15"
54,"u3 (1EDCD29)","00:00:00.0010000","15"
55,"cx (15C3675)","00:00:00.0020000","14"
56,"u3 (3DEA20)","00:00:00.0010000","12"
57,"u3 (22D3B23)","00:00:00.0010000","12"
58,"cx (397143F)","00:00:00.0020000","11"
59,"cx (4FB63E)","00:00:00.0020000","17"
60,"u3 (2CD682F)","00:00:00.0010000","15"
61,"u3 (138A9AD)","00:00:00.0010000","15"
62,"cx (2FDF718)","00:00:00.0020000","14"
63,"u3 (2EDAFD9)","00:00:00.0010000","12"
64,"u3 (25B2EA1)","00:00:00.0010000","12"
65,"cx (134A3A9)","00:00:00.0020000","11"
66,"cx (2D9C0F2)","00:00:00.0020000","9"
67,"u3 (1A7C885)","00:00:00.0010000","7"
68,"cx (2E60CB4)","00:00:00.0020000","6"
69,"u3 (2167256)","00:00:00.0010000","4"
70,"u3 (2CA050E)","00:00:00.0010000","4"
71,"measurement (11A2D84)","00:00:00.0030000","3"
